[
    {
        "id": 1,
        "title": "Nike Air Max 90",
        "description": "Classic running shoe with visible air cushioning.",
        "price": 119.99,
        "image": "http://127.0.0.1:8000/assets/images/shoes-1.png",
        "variants": [
            "Black",
            "White",
            "Grey"
        ]
    },
    {
        "id": 2,
        "title": "Adidas Ultraboost",
        "description": "Lightweight and responsive daily runner.",
        "price": 149.99,
        "image": "http://127.0.0.1:8000/assets/images/shoes-2.png",
        "variants": [
            "White",
            "Blue",
            "Green"
        ]
    },
    {
        "id": 3,
        "title": "Converse Chuck Taylor",
        "description": "Timeless canvas high-top sneaker.",
        "price": 69.99,
        "image": "http://127.0.0.1:8000/assets/images/shoes-3.png",
        "variants": [
            "Black",
            "Red",
            "White"
        ]
    },
    {
        "id": 4,
        "title": "Vans Old Skool",
        "description": "Iconic skate shoe with side stripe.",
        "price": 59.99,
        "image": "http://127.0.0.1:8000/assets/images/shoes-4.png",
        "variants": [
            "Black",
            "White",
            "Checker"
        ]
    },
    {
        "id": 5,
        "title": "Puma RS-X",
        "description": "Chunky and bold sneakers for urban wear.",
        "price": 89.99,
        "image": "http://127.0.0.1:8000/assets/images/shoes-5.png",
        "variants": [
            "Blue",
            "Red",
            "White"
        ]
    },
    {
        "id": 6,
        "title": "Reebok Classic",
        "description": "Retro running-inspired everyday shoe.",
        "price": 74.99,
        "image": "http://127.0.0.1:8000/assets/images/shoes-6.png",
        "variants": [
            "White",
            "Beige",
            "Grey"
        ]
    },
    {
        "id": 7,
        "title": "New Balance 574",
        "description": "Sporty sneaker with soft cushioning.",
        "price": 84.99,
        "image": "http://127.0.0.1:8000/assets/images/shoes-7.png",
        "variants": [
            "Navy",
            "Grey",
            "Burgundy"
        ]
    },
    {
        "id": 8,
        "title": "ASICS Gel-Kayano",
        "description": "Stability running shoe with Gel tech.",
        "price": 129.99,
        "image": "http://127.0.0.1:8000/assets/images/shoes-8.png",
        "variants": [
            "Black",
            "Silver",
            "Blue"
        ]
    },
    {
        "id": 9,
        "title": "Jordan 1 Mid",
        "description": "Mid-cut retro basketball sneaker.",
        "price": 119.99,
        "image": "http://127.0.0.1:8000/assets/images/shoes-8.png",
        "variants": [
            "Red",
            "Royal Blue",
            "Black"
        ]
    },
    {
        "id": 10,
        "title": "Fila Disruptor II",
        "description": "Chunky retro-inspired lifestyle shoe.",
        "price": 64.99,
        "image": "http://127.0.0.1:8000/assets/images/shoes-9.png",
        "variants": [
            "White",
            "Pink",
            "Beige"
        ]
    },
    {
        "id": 11,
        "title": "Under Armour HOVR",
        "description": "Performance shoe with HOVR cushioning.",
        "price": 109.99,
        "image": "http://127.0.0.1:8000/assets/images/shoes-10.png",
        "variants": [
            "Black",
            "Grey",
            "Red"
        ]
    },
    {
        "id": 12,
        "title": "Crocs Classic Clog",
        "description": "Comfort-focused lightweight slip-on.",
        "price": 49.99,
        "image": "http://127.0.0.1:8000/assets/images/shoes-5.png",
        "variants": [
            "Blue",
            "Green",
            "Orange"
        ]
    },
    {
        "id": 13,
        "title": "Skechers D'Lites",
        "description": "Stylish sneaker with memory foam.",
        "price": 69.99,
        "image": "http://127.0.0.1:8000/assets/images/shoes-1.png",
        "variants": [
            "White",
            "Grey",
            "Black"
        ]
    },
    {
        "id": 14,
        "title": "Saucony Jazz",
        "description": "Retro classic running shoe.",
        "price": 79.99,
        "image": "http://127.0.0.1:8000/assets/images/shoes-2.png",
        "variants": [
            "Teal",
            "Orange",
            "Navy"
        ]
    },
    {
        "id": 15,
        "title": "Timberland 6-Inch Boot",
        "description": "Waterproof leather boot built for durability.",
        "price": 139.99,
        "image": "http://127.0.0.1:8000/assets/images/shoes-9.png",
        "variants": [
            "Wheat",
            "Black",
            "Brown"
        ]
    },
    {
        "id": 16,
        "title": "Birkenstock Arizona",
        "description": "Contoured footbed slide sandals.",
        "price": 99.99,
        "image": "http://127.0.0.1:8000/assets/images/shoes-6.png",
        "variants": [
            "Brown",
            "Beige",
            "Black"
        ]
    },
    {
        "id": 17,
        "title": "Hoka Clifton 8",
        "description": "Max-cushioned lightweight trainer.",
        "price": 129.99,
        "image": "http://127.0.0.1:8000/assets/images/shoes-1.png",
        "variants": [
            "White",
            "Orange",
            "Blue"
        ]
    },
    {
        "id": 18,
        "title": "Nike Blazer Mid",
        "description": "Retro leather basketball-inspired sneaker.",
        "price": 99.99,
        "image": "http://127.0.0.1:8000/assets/images/shoes-7.png",
        "variants": [
            "White",
            "Sail",
            "Black"
        ]
    },
    {
        "id": 19,
        "title": "Adidas Stan Smith",
        "description": "Minimalistic leather tennis shoe.",
        "price": 89.99,
        "image": "http://127.0.0.1:8000/assets/images/shoes-3.png",
        "variants": [
            "White",
            "Green",
            "Navy"
        ]
    },
    {
        "id": 20,
        "title": "Nike Air Force 1",
        "description": "All-time classic lifestyle sneaker.",
        "price": 99.99,
        "image": "http://127.0.0.1:8000/assets/images/shoes-9.png",
        "variants": [
            "White",
            "Black",
            "Red"
        ]
    }
]